ลำดับ,Title,Primary Keyword,Cluster,บริการที่เกี่ยวข้อง,Content Type,Search Intent,Priority,Publish Date
1,AI Automation คืออะไร? และทำไมธุรกิจถึงต้องใช้ในปี 2025,ai automation คืออะไร,AI & Automation,AI Automation,Pillar Page,informational,High,
2,n8n คืออะไร? เครื่องมือ Automation ฟรีที่ดีที่สุดสำหรับ SME,n8n คืออะไร,AI & Automation,AI Automation,Blog,informational,High,
3,Claude AI คืออะไร? เปรียบเทียบกับ ChatGPT ตัวไหนดีกว่า,claude ai,AI & Automation,AI Automation,Blog,informational/commercial,High,
4,5 ระบบ AI Automation ที่ธุรกิจไทยใช้แล้วประหยัดเวลาได้จริง,ระบบ ai automation,AI & Automation,AI Automation,Blog,informational,High,
5,AI Chatbot คืออะไร? วิธีติดตั้งบน LINE OA และ Facebook,ai chatbot คืออะไร,AI & Automation,AI Automation,Blog,informational,High,
6,n8n vs Zapier vs Make เปรียบเทียบเครื่องมือ Automation 2025,n8n vs zapier,AI & Automation,AI Automation,Blog,commercial,High,
7,วิธีใช้ AI ตอบอีเมลลูกค้าอัตโนมัติ ลดงาน Admin ได้ 80%,ai ตอบอีเมลอัตโนมัติ,AI & Automation,AI ตอบอีเมล B2B,Blog,informational,High,
8,ChatGPT API คืออะไร? วิธีนำมาใช้กับธุรกิจโดยไม่ต้องเขียนโค้ด,chatgpt api,AI & Automation,AI Automation,Blog,informational,Medium,
9,AI Automation สำหรับ E-Commerce ระบบที่ต้องมีในปี 2025,ai automation ecommerce,AI & Automation,AI Automation,Blog,informational,Medium,
10,วิธีเชื่อม n8n กับ LINE OA ส่ง Notification อัตโนมัติ,n8n line oa,AI & Automation,AI Automation,Blog,informational,Medium,
11,Google Gemini คืออะไร? ใช้งานกับธุรกิจได้อย่างไร,google gemini คืออะไร,AI & Automation,AI Automation,Blog,informational,Medium,
12,ราคา AI Automation Consulting เท่าไหร่? เปรียบเทียบแพ็กเกจ,ai automation ราคา,AI & Automation,AI Automation,Landing Page,commercial,High,
13,SEO คืออะไร? คู่มือเริ่มต้น SEO สำหรับธุรกิจไทยฉบับสมบูรณ์,seo คืออะไร,SEO,รับทำ SEO,Pillar Page,informational,High,
14,วิธีทำ Keyword Research สำหรับเว็บไซต์ภาษาไทย ด้วย Ubersuggest,keyword research ภาษาไทย,SEO,รับทำ SEO,Blog,informational,High,
15,รับทำ SEO ราคาเท่าไหร่? เปรียบเทียบแพ็กเกจ SEO 2025,รับทำ seo ราคา,SEO,รับทำ SEO,Landing Page,commercial,High,
16,On-Page SEO คืออะไร? Checklist 20 ข้อที่ต้องทำก่อน Publish,on page seo,SEO,รับทำ SEO,Blog,informational,High,
17,Off-Page SEO คืออะไร? เทคนิคสร้าง Backlink ที่ถูกต้องในปี 2025,off page seo,SEO,รับทำ SEO,Blog,informational,High,
18,Technical SEO คืออะไร? วิธีแก้ปัญหาเว็บโหลดช้าและ Crawl Error,technical seo,SEO,รับทำ SEO,Blog,informational,Medium,
19,Google Search Console ใช้งานยังไง? คู่มือสำหรับมือใหม่,google search console วิธีใช้,SEO,รับทำ SEO,Blog,informational,High,
20,Local SEO คืออะไร? วิธีทำให้ธุรกิจท้องถิ่นติดหน้าแรก Google,local seo คืออะไร,SEO,รับทำ SEO,Blog,informational,High,
21,Core Web Vitals คืออะไร? วิธีแก้ให้ผ่าน Google PageSpeed,core web vitals,SEO,รับทำ SEO,Blog,informational,Medium,
22,Schema Markup คืออะไร? วิธีเพิ่ม Rich Snippet ให้เว็บ WordPress,schema markup,SEO,รับทำ SEO,Blog,informational,Medium,
23,SEO กับ Google Ads ต่างกันยังไง? เลือกอะไรดีสำหรับธุรกิจ SME,seo vs google ads,SEO,รับทำ SEO,Blog,informational/commercial,High,
24,ทำ SEO เองได้ไหม? หรือควรจ้าง Agency ดีกว่า,ทำ seo เอง,SEO,รับทำ SEO,Blog,informational/commercial,High,
25,Facebook Ads คืออะไร? เริ่มยิงแอดครั้งแรกอย่างไรให้ได้ผล,facebook ads คืออะไร,Facebook & Google Ads,ยิงแอดโฆษณา,Blog,informational,High,
26,ยิงแอด Facebook ยังไงให้ได้ผล? คู่มือฉบับสมบูรณ์ 2025,ยิงแอด facebook,Facebook & Google Ads,ยิงแอดโฆษณา,Pillar Page,informational/commercial,High,
27,รับยิงแอด Facebook & Google ราคาเท่าไหร่? ดูแพ็กเกจ 2025,รับยิงแอด ราคา,Facebook & Google Ads,ยิงแอดโฆษณา,Landing Page,commercial,High,
28,Facebook Pixel คืออะไร? วิธีติดตั้งและใช้งานบน WordPress,facebook pixel คืออะไร,Facebook & Google Ads,ยิงแอดโฆษณา,Blog,informational,High,
29,Lookalike Audience คืออะไร? วิธีใช้หา Audience คุณภาพสูง,lookalike audience,Facebook & Google Ads,ยิงแอดโฆษณา,Blog,informational,Medium,
30,Google Ads คืออะไร? ต่างจาก Facebook Ads ยังไง เลือกอะไรดี,google ads คืออะไร,Facebook & Google Ads,ยิงแอดโฆษณา,Blog,informational,High,
31,ค่าโฆษณา Facebook เท่าไหร่? งบเท่าไหร่ถึงเริ่มได้,ค่าโฆษณา facebook,Facebook & Google Ads,ยิงแอดโฆษณา,Blog,commercial,High,
32,วิธีลด CPM และ CPC Facebook Ads ให้ถูกลงแบบเห็นผลจริง,ลด cpm facebook,Facebook & Google Ads,ยิงแอดโฆษณา,Blog,informational,Medium,
33,Instagram Ads คืออะไร? วิธียิงแอด IG ให้ได้ยอดขาย,instagram ads คืออะไร,Facebook & Google Ads,ยิงแอดโฆษณา,Blog,informational,Medium,
34,ROAS คืออะไร? วิธีวัดผล Facebook Ads ให้ถูกต้อง,roas คืออะไร,Facebook & Google Ads,ยิงแอดโฆษณา,Blog,informational,Medium,
35,Retargeting คืออะไร? วิธีดึงลูกค้าที่หนีไปกลับมาด้วย Ads,retargeting คืออะไร,Facebook & Google Ads,ยิงแอดโฆษณา,Blog,informational,Medium,
36,รับทำเว็บไซต์ราคาเท่าไหร่? เปรียบเทียบแพ็กเกจครบทุกประเภท 2025,รับทำเว็บไซต์ราคา,Web Development,รับทำเว็บไซต์,Landing Page,commercial,High,
37,WordPress vs Custom Code เลือกแบบไหนดีสำหรับธุรกิจ?,wordpress vs custom code,Web Development,รับทำเว็บไซต์,Blog,informational/commercial,High,
38,เว็บไซต์ที่ดีควรมีอะไรบ้าง? 10 องค์ประกอบที่ขาดไม่ได้,เว็บไซต์ที่ดีควรมีอะไรบ้าง,Web Development,รับทำเว็บไซต์,Blog,informational,High,
39,Landing Page คืออะไร? ทำไมถึงสำคัญกว่า Homepage,landing page คืออะไร,Web Development,รับทำเว็บไซต์,Blog,informational,High,
40,ทำเว็บ WordPress ราคาเท่าไหร่? เปรียบเทียบค่าใช้จ่ายทั้งหมด,ทำเว็บ wordpress ราคา,Web Development,รับทำเว็บไซต์,Blog,commercial,High,
41,UX Design คืออะไร? ทำไมเว็บ UX ดีถึงขายได้มากกว่า,ux design คืออะไร,Web Development,รับทำเว็บไซต์,Blog,informational,Medium,
42,เว็บไซต์ E-Commerce ต้องมีฟีเจอร์อะไรบ้าง?,เว็บ ecommerce ต้องมีอะไรบ้าง,Web Development,รับทำเว็บไซต์,Blog,informational,Medium,
43,Next.js vs WordPress เลือกอะไรทำเว็บธุรกิจในปี 2025,nextjs vs wordpress,Web Development,รับทำเว็บไซต์,Blog,informational/commercial,Medium,
44,Google Tag Manager คืออะไร? วิธีติดตั้งบนเว็บไซต์ง่ายๆ,google tag manager คืออะไร,Web Development,รับทำเว็บไซต์,Blog,informational,Medium,
45,LINE OA คืออะไร? วิธีสร้างและใช้งานสำหรับธุรกิจ SME,line oa คืออะไร,Social Media,ดูแลเพจโซเชียล,Blog,informational,High,
46,TikTok Marketing คืออะไร? วิธีสร้าง Content บน TikTok ให้ไวรัล,tiktok marketing,Social Media,ดูแลเพจโซเชียล,Blog,informational,High,
47,Instagram Reels คืออะไร? วิธีทำให้ Reach พุ่งสูงในปี 2025,instagram reels,Social Media,ดูแลเพจโซเชียล,Blog,informational,Medium,
48,Social Media Marketing คืออะไร? กลยุทธ์ที่ธุรกิจไทยต้องรู้,social media marketing คืออะไร,Social Media,ดูแลเพจโซเชียล,Blog,informational,High,
49,Engagement Rate คืออะไร? วิธีเพิ่ม Engagement บน Facebook,engagement rate คืออะไร,Social Media,ดูแลเพจโซเชียล,Blog,informational,Medium,
50,รับดูแลเพจ Facebook ราคาเท่าไหร่? เปรียบเทียบแพ็กเกจ 2025,รับดูแลเพจ facebook ราคา,Social Media,ดูแลเพจโซเชียล,Landing Page,commercial,High,
51,วิธีโพสต์ Facebook ให้ได้ Reach สูงโดยไม่ต้องยิงแอด,โพสต์ facebook ให้ได้ reach,Social Media,ดูแลเพจโซเชียล,Blog,informational,High,
52,Hashtag Instagram ใช้ยังไงให้ได้ Follower จริงๆ,hashtag instagram,Social Media,ดูแลเพจโซเชียล,Blog,informational,Medium,
53,YouTube Shorts คืออะไร? วิธีทำคลิปสั้นให้ได้ View เยอะ,youtube shorts คืออะไร,Social Media,ดูแลเพจโซเชียล,Blog,informational,Medium,
54,Content Marketing คืออะไร? ทำไมธุรกิจทุกขนาดต้องใช้,content marketing คืออะไร,Content Marketing,ผลิตคอนเทนต์,Blog,informational,High,
55,Copywriting คืออะไร? เทคนิคเขียนโฆษณาให้คนอยากซื้อ,copywriting คืออะไร,Content Marketing,ผลิตคอนเทนต์,Blog,informational,High,
56,Infographic คืออะไร? วิธีทำ Infographic ง่ายๆ ด้วย Canva,infographic คืออะไร,Content Marketing,ผลิตคอนเทนต์,Blog,informational,Medium,
57,บทความ SEO ที่ดีต้องมีอะไรบ้าง? Checklist ครบ 2025,บทความ seo ที่ดี,Content Marketing,ผลิตคอนเทนต์,Blog,informational,High,
58,AI เขียนบทความได้ไหม? วิธีใช้ AI ช่วยทำ Content Marketing,ai เขียนบทความ,Content Marketing,ผลิตคอนเทนต์,Blog,informational,High,
59,Brand Storytelling คืออะไร? วิธีเล่าเรื่องแบรนด์ให้คนจดจำ,brand storytelling,Content Marketing,ผลิตคอนเทนต์,Blog,informational,Medium,
60,รับผลิต Content ราคาเท่าไหร่? กราฟิก บทความ วิดีโอ 2025,รับผลิต content ราคา,Content Marketing,ผลิตคอนเทนต์,Landing Page,commercial,High,
61,Digital Marketing คืออะไร? ครบทุกช่องทางในปี 2025,digital marketing คืออะไร,Digital Marketing,ทุกบริการ,Pillar Page,informational,High,
62,รับทำการตลาดออนไลน์ บริการอะไรบ้าง? ราคาเท่าไหร่,รับทำการตลาดออนไลน์,Digital Marketing,ทุกบริการ,Landing Page,commercial,High,
63,Funnel Marketing คืออะไร? วิธีสร้าง Sales Funnel ให้ปิดขายได้,sales funnel คืออะไร,Digital Marketing,ทุกบริการ,Blog,informational,High,
64,Marketing Automation คืออะไร? เครื่องมือที่ธุรกิจ SME ต้องรู้,marketing automation คืออะไร,Digital Marketing,AI Automation,Blog,informational,High,
65,Google Analytics 4 คืออะไร? วิธีติดตั้งและอ่านรายงาน,google analytics 4 คืออะไร,Digital Marketing,ทุกบริการ,Blog,informational,High,
66,Looker Studio คืออะไร? วิธีสร้าง Dashboard วัดผลการตลาด,looker studio คืออะไร,Digital Marketing,รับทำ SEO,Blog,informational,Medium,
67,Email Marketing คืออะไร? ยังได้ผลอยู่ไหมในปี 2025,email marketing คืออะไร,Digital Marketing,ทุกบริการ,Blog,informational,Medium,
68,CPC CPM CPA คืออะไร? คู่มือ Metrics โฆษณาออนไลน์ฉบับสมบูรณ์,cpc cpm cpa คืออะไร,Digital Marketing,ยิงแอดโฆษณา,Blog,informational,Medium,
69,Influencer Marketing คืออะไร? วิธีเลือก Influencer ให้เหมาะกับแบรนด์,influencer marketing,Digital Marketing,ผลิตคอนเทนต์,Blog,informational,Medium,
70,รีวิว Agency ดิจิทัลมาร์เก็ตติ้งไทย เลือกอย่างไรให้ได้ผลจริง,รีวิว agency digital marketing,Case Study,ทุกบริการ,Blog,commercial,High,
71,Case Study: เพิ่มยอดขาย E-Commerce 200% ด้วย Facebook Ads + SEO,case study facebook ads ecommerce,Case Study,ยิงแอดโฆษณา,Case Study,informational,High,
72,Case Study: ใช้ AI Automation ลดเวลา Admin จาก 4 ชั่วโมงเหลือ 20 นาที,case study ai automation,Case Study,AI Automation,Case Study,informational,High,
73,Case Study: รีดีไซน์เว็บไซต์ผลลัพธ์ Traffic เพิ่ม 300% ใน 3 เดือน,case study redesign website,Case Study,รับทำเว็บไซต์,Case Study,informational,Medium,
74,Case Study: ทำ SEO ตั้งแต่ศูนย์ ติดหน้าแรก Google ใน 90 วัน,case study seo ติดหน้าแรก,Case Study,รับทำ SEO,Case Study,informational,High,
75,Case Study: ลด Cost Per Lead Facebook Ads 60% ด้วยการ A/B Test Creative,case study cost per lead,Case Study,ยิงแอดโฆษณา,Case Study,informational,High,
